ID,TYPE,TITLE,DESCRIPTION,
1,s,திரை திறந்தால் வெறும் இடமா? உலகிற்கே புரியாத 'சிதம்பர ரகசியம்'!,திரை திறந்தால் வெறும் இடம்... ஆனா அதுல தான் உலகத்துக்கே புரியாத 'சிதம்பர ரகசியம்' இருக்குது…,
2,s,மதுரை மீனாட்சி கோவில் மர்மம்: சில இரவுகளில் மட்டும் கேட்கும் அந்த சத்தம் யாருடையது?,இந்த கோவிலில் சில இரவுகளில் மட்டும் கேட்கும் மர்ம ஒலி... அது யாருடையது?,
3,s,ஒருபோதும் சிக்காத பெருமாளின் முடி! உண்மையா அல்லது மறைக்கப்பட்ட ரகசியமா?,பெருமாளின் முடி ஒருபோதும் சிக்காதது... அது உண்மையா அல்லது மறைக்கப்பட்ட ரகசியமா?,
4,s,"22 தீர்த்தங்கள், 22 சுவைகள்! ராமேஸ்வரம் கோவிலின் வியக்கவைக்கும் அதிசயம்!",இந்த கோவிலின் 22 தீர்த்தங்கள்... ஒவ்வொன்றும் வேற ருசி... எப்படி சாத்தியம்?,73
5,s,திரை திறந்தால் வெறும் இடமா? உலகிற்கே புரியாத 'சிதம்பர ரகசியம்'!,திரை திறந்தால் வெறும் இடம்... ஆனா அதுல தான் உலகத்துக்கே புரியாத 'சிதம்பர ரகசியம்' இருக்குது…,
6,s,மதுரை மீனாட்சி கோவில் மர்மம்: சில இரவுகளில் மட்டும் கேட்கும் அந்த சத்தம் யாருடையது?,இந்த கோவிலில் சில இரவுகளில் மட்டும் கேட்கும் மர்ம ஒலி... அது யாருடையது?,
7,s,ஒருபோதும் சிக்காத பெருமாளின் முடி! உண்மையா அல்லது மறைக்கப்பட்ட ரகசியமா?,பெருமாளின் முடி ஒருபோதும் சிக்காதது... அது உண்மையா அல்லது மறைக்கப்பட்ட ரகசியமா?,
8,s,"22 தீர்த்தங்கள், 22 சுவைகள்! ராமேஸ்வரம் கோவிலின் வியக்கவைக்கும் அதிசயம்!",இந்த கோவிலின் 22 தீர்த்தங்கள்... ஒவ்வொன்றும் வேற ருசி... எப்படி சாத்தியம்?,
9,v,திரை திறந்தால் வெறும் இடமா? உலகிற்கே புரியாத 'சிதம்பர ரகசியம்'!,திரை திறந்தால் வெறும் இடம்... ஆனா அதுல தான் உலகத்துக்கே புரியாத 'சிதம்பர ரகசியம்' இருக்குது…,
10,v,மதுரை மீனாட்சி கோவில் மர்மம்: சில இரவுகளில் மட்டும் கேட்கும் அந்த சத்தம் யாருடையது?,இந்த கோவிலில் சில இரவுகளில் மட்டும் கேட்கும் மர்ம ஒலி... அது யாருடையது?,
11,v,ஒருபோதும் சிக்காத பெருமாளின் முடி! உண்மையா அல்லது மறைக்கப்பட்ட ரகசியமா?,பெருமாளின் முடி ஒருபோதும் சிக்காதது... அது உண்மையா அல்லது மறைக்கப்பட்ட ரகசியமா?,
12,v,"22 தீர்த்தங்கள், 22 சுவைகள்! ராமேஸ்வரம் கோவிலின் வியக்கவைக்கும் அதிசயம்!",இந்த கோவிலின் 22 தீர்த்தங்கள்... ஒவ்வொன்றும் வேற ருசி... எப்படி சாத்தியம்?,
